epoch,time,train/box_loss,train/pose_loss,train/kobj_loss,train/cls_loss,train/dfl_loss,metrics/precision(B),metrics/recall(B),metrics/mAP50(B),metrics/mAP50-95(B),metrics/precision(P),metrics/recall(P),metrics/mAP50(P),metrics/mAP50-95(P),val/box_loss,val/pose_loss,val/kobj_loss,val/cls_loss,val/dfl_loss,lr/pg0,lr/pg1,lr/pg2
1,5.81121,3.64473,7.447,0.66559,6.56054,3.15748,0.31692,0.3,0.19902,0.05789,0.00929,0.03333,0.00062,6e-05,2.58667,7.0492,0.66053,2.64349,2.58066,0.00028,0.00028,0.00028
2,10.3466,2.57317,5.15951,0.55891,2.30558,2.05399,0.17044,0.43333,0.12043,0.03679,0.27188,0.31138,0.24149,0.07627,2.55962,6.01507,0.58548,2.522,2.42705,0.000576172,0.000576172,0.000576172
3,14.8778,2.44161,3.9236,0.54442,2.22191,1.88648,0.2113,0.13333,0.21143,0.06639,0.40806,0.2,0.26766,0.1139,2.75389,4.97905,0.44239,2.73812,2.68427,0.000868384,0.000868384,0.000868384
4,19.3326,2.4982,3.7079,0.49103,2.19532,1.90996,0.07033,0.06667,0.02357,0.0083,0.02997,0.13333,0.02243,0.00688,2.66606,6.00152,0.258,3.79463,3.0873,0.00115664,0.00115664,0.00115664
5,23.632,2.35332,3.19965,0.47235,2.07892,1.88668,0.14649,0.36667,0.12962,0.03915,0.2901,0.59937,0.26158,0.09999,2.95498,3.78088,0.2701,4.03823,3.39799,0.00144093,0.00144093,0.00144093
6,27.8759,2.41302,3.38181,0.45589,2.27691,1.88135,0.03038,0.43333,0.01979,0.00792,0.0171,0.66667,0.01418,0.00452,3.00612,7.63563,0.12691,75.9589,4.85924,0.00172126,0.00172126,0.00172126
7,32.1825,2.39207,3.17152,0.45751,2.30246,1.92028,0.09375,0.3,0.06558,0.02265,0.03001,0.43333,0.03176,0.01339,2.67476,5.37297,0.13245,56.3601,3.34687,0.0019208,0.0019208,0.0019208
8,36.438,2.4369,2.99887,0.45234,2.27487,1.85002,0.01905,0.06667,0.0091,0.00234,0.04762,0.16667,0.06484,0.0465,2.90458,3.68409,0.13332,83.4201,2.94915,0.0019076,0.0019076,0.0019076
9,40.7023,2.42548,2.7563,0.43564,2.23545,1.904,0.00321,0.13333,0.00264,0.00087,0.00483,0.43333,0.00436,0.00153,3.13247,4.7993,0.19001,63.2434,2.87409,0.0018944,0.0018944,0.0018944
10,44.9652,2.30315,2.64179,0.39814,2.15516,1.80767,0.00322,0.13333,0.00294,0.00122,0.00601,0.26667,0.00504,0.00245,2.50054,3.21202,0.14769,80.3522,2.36678,0.0018812,0.0018812,0.0018812
11,49.3465,2.38799,2.62436,0.4299,2.24642,1.88381,0.00889,0.16667,0.00445,0.00152,0.01159,0.56667,0.00867,0.0041,2.7983,2.90249,0.17901,42.7552,2.71398,0.001868,0.001868,0.001868
12,53.6884,2.41654,2.57582,0.46924,2.24454,1.876,0.26442,0.36667,0.21059,0.07818,0.44931,0.36667,0.30449,0.18146,2.40005,3.24785,0.24549,3.11228,2.08736,0.0018548,0.0018548,0.0018548
13,58.0097,2.35888,2.64313,0.43797,2.25929,1.84456,0.14097,0.2,0.08794,0.03087,0.27909,0.36667,0.22352,0.10433,3.00282,3.86217,0.28116,2.90797,2.72818,0.0018416,0.0018416,0.0018416
14,62.3577,2.26445,2.47815,0.41905,2.16415,1.81779,0.26852,0.33333,0.21946,0.08697,0.4559,0.5,0.40928,0.23665,2.61614,2.83148,0.1835,4.74892,2.31232,0.0018284,0.0018284,0.0018284
15,66.7396,2.27544,2.25318,0.40392,2.18193,1.78811,0.11549,0.26667,0.10382,0.03695,0.17769,0.5,0.15826,0.0773,2.39681,2.54083,0.193,4.04786,2.18008,0.0018152,0.0018152,0.0018152
16,70.9917,2.25793,2.2577,0.41391,2.17149,1.80093,0.2765,0.28052,0.14269,0.04672,0.42766,0.47339,0.35738,0.19228,2.47945,2.43956,0.14337,4.16358,2.33186,0.001802,0.001802,0.001802
17,75.2434,2.18472,2.23083,0.40252,2.07588,1.76475,0.4109,0.36667,0.2671,0.08424,0.49902,0.4649,0.39772,0.23295,2.21808,2.35431,0.14448,2.94402,2.15397,0.0017888,0.0017888,0.0017888
18,79.507,2.20048,2.09978,0.40977,2.04922,1.72593,0.503,0.23333,0.25489,0.10818,0.3513,0.56667,0.38574,0.22794,2.56828,2.63612,0.16856,2.68477,2.31047,0.0017756,0.0017756,0.0017756
19,83.9056,2.11603,1.96236,0.39747,1.98387,1.71518,0.25295,0.23333,0.13343,0.04312,0.29084,0.3,0.20674,0.14737,2.72312,2.31889,0.20057,3.49812,2.3937,0.0017624,0.0017624,0.0017624
20,88.1539,2.06427,1.88682,0.37502,1.89941,1.64635,0.249,0.3,0.21718,0.09054,0.3546,0.54961,0.42599,0.21547,2.339,2.41937,0.19455,2.71903,2.16373,0.0017492,0.0017492,0.0017492
21,92.3849,2.04507,2.00151,0.37186,1.95578,1.64751,0.33036,0.33333,0.29007,0.08719,0.41602,0.4,0.43968,0.2581,2.32966,2.47287,0.16811,2.76152,2.15752,0.001736,0.001736,0.001736
22,96.7304,2.11565,2.00954,0.41671,1.93116,1.6375,0.53557,0.3,0.2956,0.07222,0.35518,0.56667,0.4977,0.2911,2.2884,1.94089,0.1674,2.87246,2.02643,0.0017228,0.0017228,0.0017228
23,101.085,2.11583,1.93127,0.37369,1.99214,1.68187,0.44055,0.46667,0.4322,0.15332,0.67746,0.66667,0.64339,0.41774,2.01953,1.63708,0.13016,3.00815,1.93605,0.0017096,0.0017096,0.0017096
24,105.422,2.10663,2.01311,0.37067,1.97133,1.66212,0.56056,0.46667,0.46937,0.19153,0.52157,0.66667,0.63124,0.42053,2.00253,1.40322,0.15682,2.31967,1.93328,0.0016964,0.0016964,0.0016964
25,109.75,2.0523,2.01959,0.35216,1.92422,1.61246,0.84831,0.56667,0.6402,0.22917,0.7845,0.6,0.74409,0.45244,1.97841,1.3788,0.14271,2.32754,1.87251,0.0016832,0.0016832,0.0016832
26,114.13,2.07271,1.90526,0.38696,1.94511,1.6574,0.46527,0.53333,0.43066,0.15599,0.58159,0.66667,0.65828,0.36544,2.08523,1.61694,0.13464,1.95677,1.91733,0.00167,0.00167,0.00167
27,118.514,1.99389,1.65982,0.36063,1.81431,1.60156,0.52945,0.5627,0.51493,0.19555,0.5916,0.72448,0.69077,0.44476,2.18787,1.27799,0.13598,1.90001,1.89936,0.0016568,0.0016568,0.0016568
28,122.887,1.94924,1.56898,0.35222,1.75924,1.5224,0.67443,0.41475,0.53964,0.1504,0.57015,0.75182,0.755,0.49313,2.0445,1.36735,0.13158,1.78093,1.84463,0.0016436,0.0016436,0.0016436
29,127.219,2.05975,1.76301,0.34995,1.79269,1.55252,0.54888,0.43333,0.48009,0.16871,0.63466,0.53333,0.58854,0.38457,2.16011,1.52423,0.14844,1.91629,1.94668,0.0016304,0.0016304,0.0016304
30,131.656,1.97374,1.61672,0.321,1.69222,1.5415,0.51663,0.28551,0.39819,0.12545,0.58717,0.46667,0.50974,0.28075,2.32179,2.11653,0.11342,3.16978,2.11201,0.0016172,0.0016172,0.0016172
31,136.078,1.98316,1.46024,0.35972,1.77477,1.54177,0.70848,0.4,0.5231,0.19355,0.77056,0.5,0.64121,0.46253,2.05086,1.35911,0.11568,2.05494,1.83078,0.001604,0.001604,0.001604
32,140.407,1.9522,1.58035,0.33183,1.72857,1.54508,0.59196,0.48391,0.5325,0.23935,0.66947,0.67536,0.71251,0.48237,1.97833,1.38143,0.12938,1.69038,1.76885,0.0015908,0.0015908,0.0015908
33,144.715,1.96436,1.68964,0.35794,1.78786,1.53273,0.70637,0.46667,0.55425,0.24034,0.8053,0.5519,0.68854,0.49514,1.89358,1.26006,0.13919,1.68264,1.8634,0.0015776,0.0015776,0.0015776
34,149.079,1.86393,1.53437,0.3,1.67266,1.50359,0.59546,0.5,0.49237,0.22659,0.66287,0.65567,0.67369,0.4919,2.10355,1.44639,0.12897,1.76449,1.97817,0.0015644,0.0015644,0.0015644
35,153.431,1.84244,1.52141,0.34234,1.67764,1.48828,0.504,0.63333,0.53395,0.19312,0.61923,0.8,0.75811,0.50511,2.07299,1.32435,0.12866,1.84758,1.94899,0.0015512,0.0015512,0.0015512
36,157.695,1.89589,1.34842,0.32203,1.69933,1.5296,0.6255,0.6,0.59524,0.19769,0.77491,0.73333,0.78703,0.5238,1.9848,1.37149,0.13109,2.06632,1.89689,0.001538,0.001538,0.001538
37,161.995,1.90362,1.40812,0.299,1.70764,1.48495,0.71757,0.67778,0.75637,0.30023,0.77044,0.83333,0.90561,0.63337,1.82421,1.11202,0.13426,1.57993,1.71723,0.0015248,0.0015248,0.0015248
38,166.336,1.85798,1.43189,0.2923,1.66143,1.46559,0.73789,0.43333,0.59848,0.19685,0.72515,0.7917,0.82524,0.58711,2.16488,1.28169,0.1279,1.7113,1.86478,0.0015116,0.0015116,0.0015116
39,170.612,1.86853,1.40757,0.29784,1.67635,1.49846,0.6743,0.63333,0.69561,0.29266,0.74861,0.8,0.83905,0.61662,1.84036,1.12557,0.12807,1.6166,1.65809,0.0014984,0.0014984,0.0014984
40,174.893,1.77935,1.36961,0.29788,1.61134,1.40092,0.7782,0.58513,0.67829,0.27171,0.91262,0.69647,0.80154,0.61263,1.93253,1.34643,0.12669,1.85856,1.75154,0.0014852,0.0014852,0.0014852
41,179.125,1.84913,1.41352,0.28773,1.66999,1.46315,0.5946,0.5,0.55042,0.21099,0.63291,0.63333,0.58842,0.44559,1.99094,1.56669,0.1612,2.09593,1.77921,0.001472,0.001472,0.001472
42,183.463,1.83438,1.40251,0.28038,1.63139,1.42653,0.57502,0.6,0.59053,0.27558,0.75476,0.7184,0.75211,0.5901,1.81122,1.00862,0.13257,1.65825,1.66798,0.0014588,0.0014588,0.0014588
43,187.937,1.79551,1.42295,0.31121,1.54946,1.41524,0.52399,0.56667,0.49195,0.22443,0.67811,0.73333,0.71211,0.52768,2.12718,1.2659,0.14279,1.66504,1.84245,0.0014456,0.0014456,0.0014456
44,192.305,1.77793,1.42799,0.28617,1.61678,1.43446,0.59454,0.63547,0.59494,0.2382,0.62755,0.66667,0.72357,0.52108,1.90671,1.26185,0.15191,1.6754,1.76497,0.0014324,0.0014324,0.0014324
45,196.609,1.80122,1.49578,0.30474,1.67907,1.47116,0.62679,0.61609,0.65481,0.29112,0.75905,0.63015,0.76926,0.58587,1.80923,0.832,0.13999,1.64126,1.7095,0.0014192,0.0014192,0.0014192
46,200.981,1.7807,1.3119,0.29917,1.6046,1.41548,0.81906,0.6,0.6952,0.31665,0.8817,0.66667,0.82294,0.60689,1.88266,1.09319,0.1374,1.57899,1.76741,0.001406,0.001406,0.001406
47,205.257,1.77493,1.25303,0.28095,1.54355,1.42218,0.70745,0.66667,0.72084,0.28893,0.7334,0.8,0.84689,0.59809,2.04293,1.16795,0.14987,1.50731,1.83329,0.0013928,0.0013928,0.0013928
48,209.651,1.80461,1.4085,0.3136,1.58983,1.45574,0.7671,0.63333,0.68005,0.26982,0.80814,0.84264,0.85785,0.65681,1.96822,0.80389,0.12686,1.57645,1.78593,0.0013796,0.0013796,0.0013796
49,213.945,1.78332,1.24706,0.26796,1.52668,1.45865,0.61968,0.63333,0.62776,0.25908,0.76355,0.76667,0.82922,0.63011,2.10782,1.02988,0.15266,1.6155,1.83309,0.0013664,0.0013664,0.0013664
50,218.218,1.74694,1.29513,0.27326,1.54526,1.40258,0.81838,0.63333,0.71648,0.33529,0.92974,0.73333,0.89101,0.68807,1.90585,0.84775,0.13602,1.53268,1.69764,0.0013532,0.0013532,0.0013532
51,222.559,1.74309,1.3316,0.29741,1.52886,1.3958,0.79928,0.66379,0.71481,0.26422,0.96,0.79995,0.94118,0.65009,1.98084,1.04017,0.1382,1.64826,1.80977,0.00134,0.00134,0.00134
52,226.807,1.76352,1.39453,0.28153,1.61112,1.43824,0.59861,0.5,0.51723,0.19785,0.65589,0.63333,0.74489,0.52863,2.01836,1.1653,0.16752,1.73952,1.79981,0.0013268,0.0013268,0.0013268
53,231.028,1.72726,1.38295,0.27379,1.64302,1.42848,0.8055,0.55258,0.62784,0.21118,0.90698,0.65044,0.78947,0.58492,1.91279,1.03959,0.14934,1.67188,1.76404,0.0013136,0.0013136,0.0013136
54,235.273,1.71992,1.29653,0.24326,1.53325,1.40384,0.92904,0.56667,0.68821,0.28303,0.92904,0.56667,0.79124,0.58048,1.97045,1.20698,0.18066,1.61416,1.8089,0.0013004,0.0013004,0.0013004
55,239.545,1.70021,1.33715,0.26991,1.53128,1.37266,0.89625,0.57623,0.71892,0.26905,0.79646,0.73333,0.88991,0.62876,1.96834,1.0591,0.12021,1.42939,1.74904,0.0012872,0.0012872,0.0012872
56,243.839,1.78253,1.40144,0.26466,1.62094,1.44358,0.79606,0.6509,0.72152,0.2848,0.94001,0.73333,0.88356,0.56698,2.00167,1.31121,0.09834,1.55535,1.74313,0.001274,0.001274,0.001274
57,248.123,1.78153,1.34447,0.25419,1.53703,1.40138,0.85624,0.6,0.73754,0.31963,0.79311,0.8,0.86719,0.69324,1.76715,0.77463,0.08637,1.55697,1.57993,0.0012608,0.0012608,0.0012608
58,252.52,1.63261,1.1788,0.26302,1.50436,1.38802,0.68663,0.56667,0.69256,0.30054,0.84068,0.73333,0.87696,0.63079,1.79524,0.85279,0.09239,1.47431,1.62594,0.0012476,0.0012476,0.0012476
59,256.841,1.73039,1.28281,0.28929,1.46984,1.35823,0.6208,0.83333,0.76828,0.30473,0.84002,0.70008,0.88423,0.6686,1.96259,0.82133,0.10667,1.28263,1.71574,0.0012344,0.0012344,0.0012344
60,261.184,1.62468,1.12459,0.24217,1.38381,1.35803,0.79552,0.73333,0.74686,0.33974,0.90734,0.83333,0.89521,0.70485,1.90357,0.90309,0.11129,1.27704,1.72423,0.0012212,0.0012212,0.0012212
61,265.558,1.58302,1.04014,0.25277,1.4071,1.30785,0.58574,0.70712,0.6943,0.28287,0.66947,0.81038,0.861,0.65103,1.81432,0.90752,0.11952,1.61877,1.67069,0.001208,0.001208,0.001208
62,269.873,1.73203,1.0763,0.21338,1.482,1.33798,0.73422,0.73333,0.78197,0.34736,0.83058,0.86667,0.92356,0.7045,1.78407,0.80916,0.10523,1.42955,1.63668,0.0011948,0.0011948,0.0011948
63,274.327,1.67153,1.12195,0.2429,1.46979,1.33169,0.85367,0.58381,0.73161,0.31018,0.87767,0.71782,0.8331,0.6671,1.86077,0.79273,0.12782,1.4386,1.66861,0.0011816,0.0011816,0.0011816
64,278.645,1.52444,1.00348,0.21529,1.32039,1.27816,0.74604,0.63333,0.72736,0.3131,0.88375,0.76043,0.87715,0.6753,1.82664,0.84893,0.11598,1.49415,1.71977,0.0011684,0.0011684,0.0011684
65,282.909,1.61996,1.09475,0.23329,1.41682,1.31363,0.84275,0.56667,0.71409,0.33758,0.76125,0.74421,0.84584,0.66401,1.81044,0.95861,0.12,1.41613,1.72928,0.0011552,0.0011552,0.0011552
66,287.233,1.66647,1.06017,0.25498,1.45542,1.36792,0.64985,0.63333,0.6766,0.37221,0.76653,0.76667,0.82112,0.65916,1.6554,1.04338,0.12711,1.56147,1.58224,0.001142,0.001142,0.001142
67,291.561,1.62272,1.11035,0.21669,1.40215,1.32225,0.6134,0.74059,0.7001,0.30053,0.8208,0.76348,0.81336,0.65199,1.76913,1.0168,0.11799,1.63636,1.67017,0.0011288,0.0011288,0.0011288
68,295.903,1.57504,1.08326,0.25429,1.43356,1.3216,0.75955,0.7372,0.75291,0.31598,0.82791,0.80187,0.86877,0.65682,1.87332,1.00789,0.11074,1.41765,1.68691,0.0011156,0.0011156,0.0011156
69,300.215,1.63956,1.11381,0.2431,1.38783,1.34927,0.78599,0.7,0.74986,0.33917,0.82424,0.73333,0.8147,0.62492,1.88298,1.27618,0.1311,1.46199,1.70699,0.0011024,0.0011024,0.0011024
70,304.549,1.54479,0.98019,0.23921,1.35202,1.34468,0.7976,0.7,0.75939,0.37891,0.74327,0.77216,0.8262,0.67437,1.76902,0.96091,0.11469,1.29231,1.62086,0.0010892,0.0010892,0.0010892
71,308.935,1.58312,0.97317,0.21332,1.34696,1.28988,0.77428,0.66667,0.7305,0.33853,0.88268,0.75272,0.84283,0.66748,1.94923,1.08967,0.11202,1.25441,1.66674,0.001076,0.001076,0.001076
72,313.258,1.58791,1.02281,0.2207,1.32788,1.29766,0.73822,0.73333,0.81724,0.37964,0.84698,0.83333,0.88232,0.71103,1.79175,0.92471,0.14239,1.31967,1.57605,0.0010628,0.0010628,0.0010628
73,317.619,1.55372,0.96073,0.2125,1.32055,1.30656,0.86941,0.66579,0.77273,0.4042,0.86273,0.8,0.89415,0.68652,1.68645,0.91405,0.12462,1.25938,1.49655,0.0010496,0.0010496,0.0010496
74,322.098,1.6249,1.06074,0.23319,1.3758,1.29461,0.85678,0.76667,0.86088,0.39786,0.86975,0.83333,0.94248,0.67729,1.72283,0.89467,0.10248,1.255,1.56781,0.0010364,0.0010364,0.0010364
75,326.433,1.52937,0.96484,0.21381,1.2888,1.28694,0.79286,0.76557,0.82856,0.39562,0.84569,0.91367,0.92772,0.71424,1.73615,0.72422,0.09745,1.13286,1.5779,0.0010232,0.0010232,0.0010232
76,330.844,1.50211,0.96763,0.21534,1.23731,1.25671,0.7624,0.76667,0.84246,0.39577,0.87933,0.9,0.93067,0.7806,1.76014,0.7018,0.09464,1.14562,1.58218,0.00101,0.00101,0.00101
77,335.237,1.53642,0.9934,0.2034,1.25115,1.26683,0.8753,0.70198,0.84529,0.43252,0.91977,0.86667,0.92638,0.7893,1.66926,0.66224,0.08939,1.16963,1.51272,0.0009968,0.0009968,0.0009968
78,339.76,1.48315,1.01967,0.21113,1.27197,1.25788,0.95211,0.66294,0.82624,0.37471,0.88308,0.75555,0.90359,0.78515,1.64263,0.58092,0.09381,1.30933,1.47414,0.0009836,0.0009836,0.0009836
79,344.063,1.54929,1.13789,0.20239,1.32911,1.288,0.95353,0.7,0.84365,0.41568,0.90558,0.73333,0.91731,0.78014,1.71119,0.59106,0.11259,1.19595,1.55379,0.0009704,0.0009704,0.0009704
80,348.396,1.51422,0.98677,0.19644,1.26024,1.27044,0.84352,0.71904,0.85165,0.41101,0.81892,0.83333,0.9353,0.78292,1.71526,0.7298,0.07738,1.14562,1.55228,0.0009572,0.0009572,0.0009572
81,352.674,1.45534,0.92718,0.20841,1.2079,1.24935,0.78817,0.8,0.8626,0.40494,0.88468,0.9,0.95259,0.78227,1.8054,0.61838,0.08421,1.1511,1.5871,0.000944,0.000944,0.000944
82,356.984,1.48228,0.89797,0.19534,1.18273,1.25667,0.75247,0.86667,0.86982,0.3958,0.85063,0.94939,0.96089,0.79377,1.79249,0.58661,0.08892,1.15343,1.52536,0.0009308,0.0009308,0.0009308
83,361.326,1.56328,0.86767,0.19171,1.31216,1.26695,0.78599,0.66667,0.85109,0.39303,0.74923,0.9,0.92061,0.79215,1.71767,0.62264,0.10361,1.23954,1.49686,0.0009176,0.0009176,0.0009176
84,365.663,1.49477,0.88445,0.18226,1.24279,1.23788,0.88751,0.7,0.86324,0.40234,0.83676,0.9,0.94445,0.79773,1.70533,0.67633,0.11461,1.2458,1.58395,0.0009044,0.0009044,0.0009044
85,369.984,1.47217,0.96195,0.2001,1.22257,1.24554,0.85406,0.8,0.85805,0.38843,0.92809,0.86057,0.94054,0.76938,1.68262,0.72615,0.10844,1.23993,1.57624,0.0008912,0.0008912,0.0008912
86,374.304,1.38257,0.86806,0.17515,1.15201,1.23045,0.76324,0.76667,0.77533,0.38162,0.95316,0.93333,0.97956,0.7727,1.66281,0.66497,0.09605,1.32234,1.55978,0.000878,0.000878,0.000878
87,378.652,1.49008,0.9459,0.19335,1.22426,1.25208,0.85471,0.76667,0.87693,0.42786,0.96575,0.93333,0.98955,0.80074,1.75008,0.76401,0.08813,1.21027,1.59928,0.0008648,0.0008648,0.0008648
88,383.1,1.44168,0.83723,0.19688,1.19443,1.24601,0.80097,0.80502,0.82451,0.39173,0.93131,0.90405,0.96963,0.79758,1.76024,0.72752,0.11451,1.20657,1.60998,0.0008516,0.0008516,0.0008516
89,387.469,1.50157,0.93888,0.20116,1.23747,1.24,0.8035,0.83333,0.86726,0.44777,0.96748,0.93333,0.98768,0.78523,1.58431,0.77872,0.09953,1.1303,1.5437,0.0008384,0.0008384,0.0008384
90,391.864,1.4126,0.90789,0.19496,1.18985,1.21101,0.7416,0.86667,0.85215,0.4026,0.9514,0.86667,0.96708,0.78113,1.67779,0.63711,0.09698,1.15197,1.57105,0.0008252,0.0008252,0.0008252
91,396.175,1.38859,0.83529,0.17434,1.14113,1.1983,0.91262,0.86667,0.92585,0.44545,0.96388,0.9,0.98238,0.7834,1.73705,0.72435,0.1015,1.08921,1.6458,0.000812,0.000812,0.000812
92,400.504,1.39006,0.77806,0.19387,1.17741,1.20493,0.85373,0.77852,0.8897,0.40937,0.88994,0.80885,0.94053,0.78161,1.82451,0.62342,0.10606,1.17389,1.68442,0.0007988,0.0007988,0.0007988
93,404.772,1.456,0.7762,0.18229,1.14609,1.18529,0.82243,0.8,0.82483,0.3919,1,0.88873,0.95684,0.80151,1.86075,0.57008,0.11191,1.26164,1.59141,0.0007856,0.0007856,0.0007856
94,409.07,1.43369,0.82319,0.16443,1.1872,1.23352,0.8978,0.8,0.87901,0.41705,0.9352,0.83333,0.96649,0.798,1.6443,0.63261,0.10213,1.1321,1.55644,0.0007724,0.0007724,0.0007724
95,413.386,1.41484,0.79775,0.16731,1.16519,1.20476,0.89732,0.73333,0.81595,0.40983,0.92529,0.83333,0.93614,0.77402,1.63447,0.56252,0.0792,1.23075,1.54073,0.0007592,0.0007592,0.0007592
96,417.694,1.47746,0.8441,0.19615,1.20642,1.24355,0.82283,0.83333,0.83272,0.44456,0.91738,0.93333,0.97921,0.80859,1.52483,0.55678,0.0844,1.17272,1.47716,0.000746,0.000746,0.000746
97,422.075,1.39024,0.71035,0.17129,1.12861,1.19223,0.88753,0.78938,0.87707,0.48018,0.96214,0.8473,0.97786,0.82882,1.4876,0.552,0.08437,1.10004,1.38759,0.0007328,0.0007328,0.0007328
98,426.503,1.39262,0.75226,0.18528,1.12997,1.21546,0.91934,0.66667,0.83819,0.48257,0.86527,0.86667,0.94375,0.82213,1.55216,0.63055,0.09544,1.09539,1.405,0.0007196,0.0007196,0.0007196
99,430.81,1.29796,0.67811,0.16611,1.0386,1.136,0.9176,0.74269,0.86369,0.4472,0.90436,0.86667,0.96322,0.80567,1.58507,0.72714,0.09666,1.17285,1.46455,0.0007064,0.0007064,0.0007064
100,435.263,1.3404,0.75224,0.15811,1.04929,1.15409,0.84469,0.73333,0.83182,0.43473,0.93526,0.8,0.93577,0.76907,1.65217,0.68874,0.08404,1.13247,1.50669,0.0006932,0.0006932,0.0006932
101,439.57,1.32355,0.72354,0.17785,1.0846,1.15593,0.7227,0.69513,0.79778,0.4357,0.96281,0.86308,0.95226,0.81601,1.66045,0.58792,0.06681,1.10464,1.46769,0.00068,0.00068,0.00068
102,443.875,1.30105,0.72484,0.16586,1.0928,1.15554,0.77417,0.83333,0.82026,0.45121,0.86142,0.93333,0.94597,0.81341,1.60648,0.5298,0.06079,1.09704,1.463,0.0006668,0.0006668,0.0006668
103,448.232,1.36024,0.73588,0.15697,1.07279,1.16792,0.73628,0.74476,0.80898,0.41415,0.85903,0.9,0.95558,0.81491,1.6906,0.54977,0.06949,1.11473,1.54078,0.0006536,0.0006536,0.0006536
104,452.557,1.3564,0.72699,0.1988,1.09398,1.20259,0.90272,0.73333,0.85092,0.40561,0.92781,0.85707,0.95853,0.78911,1.72122,0.5896,0.08521,1.09878,1.58562,0.0006404,0.0006404,0.0006404
105,456.828,1.27451,0.65646,0.1491,1.02794,1.11655,0.92732,0.76667,0.85214,0.42763,0.96026,0.80554,0.94459,0.77856,1.68394,0.64017,0.08689,1.10703,1.58275,0.0006272,0.0006272,0.0006272
106,461.148,1.34645,0.7373,0.16152,1.06034,1.17469,0.89478,0.7,0.81751,0.44082,0.98042,0.76667,0.93035,0.77339,1.63956,0.6389,0.09442,1.11363,1.50752,0.000614,0.000614,0.000614
107,465.489,1.30303,0.64842,0.18167,1.03669,1.17162,0.95357,0.68498,0.79903,0.44005,0.86744,0.87269,0.93433,0.80342,1.56907,0.56302,0.11249,1.14837,1.4707,0.0006008,0.0006008,0.0006008
108,469.836,1.31288,0.60657,0.17109,1.05327,1.17615,0.82264,0.8,0.81529,0.4121,0.95657,0.73429,0.90113,0.77993,1.60462,0.56795,0.1078,1.17667,1.49488,0.0005876,0.0005876,0.0005876
109,474.163,1.32926,0.64811,0.15875,1.09454,1.16677,0.78556,0.7,0.78244,0.43553,0.8887,0.76667,0.90162,0.77413,1.6434,0.60139,0.11397,1.2479,1.47051,0.0005744,0.0005744,0.0005744
110,478.511,1.33295,0.71223,0.17617,1.06153,1.149,0.88842,0.79636,0.84966,0.48437,0.86743,0.87261,0.95042,0.80895,1.55944,0.56088,0.08932,1.15723,1.49171,0.0005612,0.0005612,0.0005612
111,482.85,1.3001,0.70328,0.16685,1.09014,1.14602,0.84485,0.76667,0.83672,0.48288,0.96816,0.86667,0.96973,0.80774,1.56655,0.62274,0.0823,1.08264,1.50446,0.000548,0.000548,0.000548
112,487.244,1.26404,0.66996,0.1649,1.02932,1.12645,0.87219,0.8,0.83939,0.45397,0.98183,0.9,0.97236,0.80555,1.66277,0.6587,0.09475,1.11027,1.50201,0.0005348,0.0005348,0.0005348
113,491.549,1.26193,0.69671,0.17481,1.00887,1.14485,0.85874,0.76667,0.85924,0.45366,0.9647,0.91115,0.98227,0.81102,1.74202,0.65598,0.09667,1.12237,1.54173,0.0005216,0.0005216,0.0005216
114,495.879,1.2579,0.64236,0.17387,1.02481,1.13159,0.8162,0.7,0.77145,0.42473,0.9043,0.94515,0.97408,0.80376,1.66056,0.66731,0.08391,1.11749,1.49369,0.0005084,0.0005084,0.0005084
115,500.226,1.21653,0.65438,0.16961,0.97172,1.10994,0.81217,0.86486,0.878,0.45856,0.85696,0.96667,0.97838,0.83269,1.56987,0.65635,0.07112,1.0615,1.44637,0.0004952,0.0004952,0.0004952
116,504.585,1.22262,0.72727,0.171,0.98188,1.13838,0.77334,0.8,0.83489,0.46293,0.8767,0.94825,0.98449,0.82145,1.56909,0.60009,0.07825,1.06556,1.47207,0.000482,0.000482,0.000482
117,508.898,1.23789,0.59557,0.1479,0.97205,1.11947,0.83106,0.76667,0.85754,0.44137,0.92933,0.96667,0.97981,0.82534,1.64233,0.59897,0.07693,1.08118,1.54663,0.0004688,0.0004688,0.0004688
118,513.235,1.2563,0.61787,0.17446,1.01477,1.13058,0.83104,0.82004,0.85905,0.43095,0.93514,0.9613,0.97477,0.8145,1.71344,0.60342,0.08018,1.06659,1.55836,0.0004556,0.0004556,0.0004556
119,517.598,1.2727,0.67863,0.16084,1.04868,1.14216,0.85989,0.81856,0.85272,0.45342,0.96599,0.94699,0.9816,0.84686,1.65506,0.5689,0.08656,1.04321,1.5213,0.0004424,0.0004424,0.0004424
120,521.899,1.23725,0.60412,0.17507,1.00253,1.14139,0.95601,0.72463,0.85696,0.44594,0.96488,0.91622,0.97955,0.83475,1.69306,0.61046,0.0771,1.03854,1.57211,0.0004292,0.0004292,0.0004292
121,526.192,1.24087,0.5848,0.14675,1.01069,1.11338,0.87053,0.8,0.84925,0.42963,1,0.93323,0.985,0.83567,1.70695,0.60015,0.07508,1.04167,1.52381,0.000416,0.000416,0.000416
122,530.576,1.18962,0.63132,0.15369,0.92866,1.107,0.84957,0.83333,0.89327,0.45851,1,0.98268,0.995,0.84713,1.66952,0.58408,0.08825,1.08079,1.49782,0.0004028,0.0004028,0.0004028
123,534.916,1.11677,0.51101,0.17928,0.91158,1.08887,0.91886,0.7553,0.8611,0.4708,0.90104,0.91073,0.9719,0.84819,1.69502,0.55805,0.09645,1.05805,1.4313,0.0003896,0.0003896,0.0003896
124,539.324,1.15348,0.55155,0.15421,0.91311,1.09627,0.86802,0.7,0.87586,0.46546,1,0.83135,0.96323,0.83591,1.67634,0.53884,0.11257,1.03069,1.44639,0.0003764,0.0003764,0.0003764
125,543.596,1.18011,0.53129,0.15563,0.94942,1.0983,0.88888,0.73333,0.86374,0.4527,0.90573,0.96091,0.97303,0.82286,1.69063,0.5885,0.10989,0.99808,1.44891,0.0003632,0.0003632,0.0003632
126,547.928,1.13927,0.54584,0.15862,0.89894,1.08201,0.91921,0.73333,0.86413,0.46002,0.87245,0.96667,0.97036,0.82758,1.69847,0.60981,0.11149,1.03131,1.4846,0.00035,0.00035,0.00035
127,552.238,1.1473,0.67375,0.15739,0.93105,1.09083,0.8511,0.7,0.81492,0.42707,0.98664,0.9,0.97382,0.83225,1.71846,0.60466,0.09956,1.05517,1.50832,0.0003368,0.0003368,0.0003368
128,556.594,1.11468,0.61311,0.1768,0.87545,1.10235,0.838,0.68998,0.82356,0.44708,1,0.89478,0.98599,0.86447,1.60377,0.55177,0.09353,1.00481,1.42152,0.0003236,0.0003236,0.0003236
129,560.871,1.1914,0.59659,0.16666,0.94933,1.10269,0.86972,0.73333,0.84252,0.45979,0.97746,0.9,0.98227,0.86295,1.65763,0.5146,0.08882,1.03778,1.45034,0.0003104,0.0003104,0.0003104
130,565.273,1.11002,0.5092,0.13365,0.87579,1.05824,0.89365,0.73333,0.83357,0.45707,0.97936,0.9,0.96902,0.84061,1.67052,0.51041,0.08663,1.05461,1.46206,0.0002972,0.0002972,0.0002972
131,569.667,1.17149,0.56967,0.14973,0.92737,1.06834,0.82762,0.7,0.79822,0.43459,0.98837,0.9,0.95282,0.81785,1.65279,0.52843,0.09798,1.05019,1.45191,0.000284,0.000284,0.000284
132,574.023,1.13779,0.55122,0.14841,0.93803,1.10118,0.89498,0.7,0.80859,0.41896,0.97175,0.86667,0.94094,0.80805,1.62016,0.53551,0.09343,1.04941,1.43853,0.0002708,0.0002708,0.0002708
133,578.335,1.11232,0.50387,0.1605,0.90581,1.0824,0.95759,0.75305,0.87413,0.42643,0.92662,0.84213,0.94444,0.80639,1.56945,0.55408,0.08879,1.04373,1.43227,0.0002576,0.0002576,0.0002576
134,582.701,1.09266,0.51265,0.13218,0.86172,1.05516,0.95814,0.8,0.88677,0.45309,0.94484,0.86667,0.94907,0.81152,1.55216,0.54032,0.09398,1.04665,1.43821,0.0002444,0.0002444,0.0002444
135,587.018,1.04131,0.51164,0.14241,0.83597,1.08229,0.82872,0.80656,0.89067,0.44786,0.95825,0.9,0.96298,0.8519,1.54005,0.49164,0.08558,0.9707,1.41179,0.0002312,0.0002312,0.0002312
136,591.354,1.09072,0.56778,0.13956,0.91719,1.07479,0.88434,0.76469,0.88915,0.46284,0.94821,0.86667,0.96488,0.82401,1.55459,0.55976,0.08262,1.00252,1.40691,0.000218,0.000218,0.000218
137,595.655,1.13815,0.52062,0.14938,0.90139,1.08953,0.84114,0.76667,0.86884,0.45514,0.92277,0.86667,0.96072,0.83574,1.55709,0.53376,0.08155,1.05471,1.41972,0.0002048,0.0002048,0.0002048
138,599.962,1.08284,0.4742,0.16143,0.85622,1.06341,0.79245,0.76667,0.85044,0.44456,0.92078,0.9,0.96873,0.81675,1.63584,0.56407,0.07916,1.07097,1.44894,0.0001916,0.0001916,0.0001916
139,604.289,1.10075,0.58131,0.14624,0.90463,1.06009,0.88699,0.73333,0.85621,0.45654,0.9314,0.9053,0.98065,0.84135,1.65831,0.56567,0.07532,1.05003,1.47436,0.0001784,0.0001784,0.0001784
140,608.679,1.12073,0.52403,0.15073,0.8845,1.06266,0.90684,0.73333,0.84533,0.4521,0.96427,0.89969,0.97884,0.82434,1.65343,0.54887,0.0777,1.02389,1.4549,0.0001652,0.0001652,0.0001652
141,621.191,0.98935,0.3156,0.05609,0.73248,1.03626,0.846,0.76667,0.85002,0.45565,0.93495,0.95837,0.9757,0.84212,1.64538,0.55594,0.07924,1.06505,1.43534,0.000152,0.000152,0.000152
142,625.483,0.91973,0.30354,0.03957,0.67564,1.01162,0.76856,0.8,0.82947,0.44451,0.9321,0.96667,0.97681,0.84042,1.66735,0.57334,0.07395,1.12128,1.43511,0.0001388,0.0001388,0.0001388
143,629.794,0.94758,0.29496,0.04155,0.65216,1.01084,0.93572,0.7,0.84554,0.44034,0.9186,0.93333,0.976,0.83246,1.6417,0.54886,0.06622,1.0787,1.41125,0.0001256,0.0001256,0.0001256
144,634.088,0.9268,0.29018,0.04317,0.6565,1.00287,0.83968,0.73333,0.83105,0.44284,0.87875,0.96634,0.97284,0.84558,1.59411,0.51485,0.06647,1.11523,1.40079,0.0001124,0.0001124,0.0001124
145,638.395,0.90776,0.31428,0.04085,0.63939,0.99378,0.80542,0.86667,0.85284,0.45184,0.86507,0.96667,0.97215,0.85272,1.58273,0.50537,0.06281,1.09376,1.40111,9.92e-05,9.92e-05,9.92e-05
146,642.742,0.91471,0.28664,0.04944,0.63225,0.99739,0.83173,0.83333,0.86399,0.45207,0.89369,0.93333,0.97492,0.86266,1.60034,0.50341,0.06075,1.09592,1.4041,8.6e-05,8.6e-05,8.6e-05
147,647.036,0.9136,0.29636,0.04807,0.64913,1.04231,0.88475,0.76772,0.86076,0.44952,0.92523,0.9,0.97312,0.85608,1.57687,0.52194,0.06142,1.07064,1.39781,7.28e-05,7.28e-05,7.28e-05
148,651.35,0.89426,0.27471,0.04965,0.62795,0.99855,0.87789,0.8,0.85507,0.45448,0.96383,0.8886,0.97156,0.85258,1.54968,0.52725,0.06202,1.04878,1.3852,5.96e-05,5.96e-05,5.96e-05
149,655.635,0.92112,0.27883,0.04408,0.63907,1.0184,0.8377,0.76667,0.8394,0.45178,0.91944,0.9,0.96828,0.8497,1.5323,0.52623,0.06108,1.03916,1.38248,4.64e-05,4.64e-05,4.64e-05
150,659.958,0.88926,0.29705,0.04489,0.63061,0.99049,0.84202,0.76667,0.83557,0.44667,0.96383,0.88862,0.96525,0.84534,1.53726,0.54168,0.05793,1.06765,1.39245,3.32e-05,3.32e-05,3.32e-05
